{
  "player": {
    "name": "will",
    "age": 44,
    "tier": 2,
    "xp": 24,
    "current_health": 14,
    "inventory": [
      {
        "name": "Throwing Knives",
        "type": "ranged",
        "base_damage_min": 0.6,
        "base_damage_max": 0.9,
        "base_defense": 0.0,
        "price_copper": 100,
        "tier": 1,
        "durability": 50,
        "effect": "bleed"
      },
      {
        "name": "Rope",
        "type": "tool",
        "base_damage_min": 0.0,
        "base_damage_max": 0.0,
        "base_defense": 0.0,
        "price_copper": 50,
        "tier": 1,
        "durability": 100,
        "effect": "none"
      },
      {
        "name": "Torch",
        "type": "tool",
        "base_damage_min": 0.0,
        "base_damage_max": 0.0,
        "base_defense": 0.0,
        "price_copper": 10,
        "tier": 1,
        "durability": 50,
        "effect": "light"
      },
      {
        "name": "Lesser Health Potion",
        "type": "consumable",
        "base_damage_min": 0.0,
        "base_damage_max": 0.0,
        "base_defense": 0.0,
        "price_copper": 50,
        "tier": 1,
        "durability": 1,
        "effect": "heal_5"
      },
      {
        "name": "Shield",
        "type": "shield",
        "base_damage_min": 0.0,
        "base_damage_max": 0.0,
        "base_defense": 2.0,
        "price_copper": 200,
        "tier": 1,
        "durability": 125,
        "effect": "none"
      },
      {
        "name": "Rags",
        "type": "armor",
        "base_damage_min": 0.0,
        "base_damage_max": 0.0,
        "base_defense": 1.0,
        "price_copper": 25,
        "tier": 1,
        "durability": 50,
        "effect": "none"
      },
      {
        "name": "Dagger",
        "type": "weapon",
        "base_damage_min": 0.5,
        "base_damage_max": 1.1,
        "base_defense": 0.0,
        "price_copper": 150,
        "tier": 1,
        "durability": 75,
        "effect": "none"
      },
      {
        "name": "Lesser Health Potion",
        "type": "consumable",
        "base_damage_min": 0.0,
        "base_damage_max": 0.0,
        "base_defense": 0.0,
        "price_copper": 50,
        "tier": 1,
        "durability": 1,
        "effect": "heal_5"
      },
      {
        "name": "Torch",
        "type": "tool",
        "base_damage_min": 0.0,
        "base_damage_max": 0.0,
        "base_defense": 0.0,
        "price_copper": 10,
        "tier": 1,
        "durability": 50,
        "effect": "light"
      },
      {
        "name": "Rags",
        "type": "armor",
        "base_damage_min": 0.0,
        "base_damage_max": 0.0,
        "base_defense": 1.0,
        "price_copper": 25,
        "tier": 1,
        "durability": 50,
        "effect": "none"
      },
      {
        "name": "Torch",
        "type": "tool",
        "base_damage_min": 0.0,
        "base_damage_max": 0.0,
        "base_defense": 0.0,
        "price_copper": 10,
        "tier": 1,
        "durability": 50,
        "effect": "light"
      },
      {
        "name": "Lesser Health Potion",
        "type": "consumable",
        "base_damage_min": 0.0,
        "base_damage_max": 0.0,
        "base_defense": 0.0,
        "price_copper": 50,
        "tier": 1,
        "durability": 1,
        "effect": "heal_5"
      },
      {
        "name": "Antidote",
        "type": "consumable",
        "base_damage_min": 0.0,
        "base_damage_max": 0.0,
        "base_defense": 0.0,
        "price_copper": 75,
        "tier": 1,
        "durability": 1,
        "effect": "cure_poison  "
      },
      {
        "name": "Rope",
        "type": "tool",
        "base_damage_min": 0.0,
        "base_damage_max": 0.0,
        "base_defense": 0.0,
        "price_copper": 50,
        "tier": 1,
        "durability": 100,
        "effect": "none"
      },
      {
        "name": "Lesser Health Potion",
        "type": "consumable",
        "base_damage_min": 0.0,
        "base_damage_max": 0.0,
        "base_defense": 0.0,
        "price_copper": 50,
        "tier": 1,
        "durability": 1,
        "effect": "heal_5"
      },
      {
        "name": "Lesser Health Potion",
        "type": "consumable",
        "base_damage_min": 0.0,
        "base_damage_max": 0.0,
        "base_defense": 0.0,
        "price_copper": 50,
        "tier": 1,
        "durability": 1,
        "effect": "heal_5"
      }
    ],
    "equipped_weapon": {
      "name": "Pitchfork",
      "type": "weapon",
      "base_damage_min": 0.5,
      "base_damage_max": 1.0,
      "base_defense": 0.0,
      "price_copper": 50,
      "tier": 1,
      "durability": 100,
      "effect": "none"
    },
    "equipped_armor": {
      "name": "Rags",
      "type": "armor",
      "base_damage_min": 0.0,
      "base_damage_max": 0.0,
      "base_defense": 1.0,
      "price_copper": 25,
      "tier": 1,
      "durability": 50,
      "effect": "none"
    },
    "equipped_shield": {
      "name": "Shield",
      "type": "shield",
      "base_damage_min": 0.0,
      "base_damage_max": 0.0,
      "base_defense": 2.0,
      "price_copper": 200,
      "tier": 1,
      "durability": 125,
      "effect": "none"
    },
    "money": 403
  },
  "dungeon": {
    "tier": 1,
    "size": 10,
    "player_pos": "(9, 7)",
    "rooms": [
      [
        {
          "enemies": [],
          "items": [],
          "is_cleared": false,
          "is_visible": true,
          "has_merchant": false,
          "merchant_visited": false,
          "has_treasure": false,
          "treasure_looted": false,
          "doors": {
            "north": false,
            "south": false,
            "east": true,
            "west": false
          }
        },
        {
          "enemies": [],
          "items": [],
          "is_cleared": true,
          "is_visible": true,
          "has_merchant": false,
          "merchant_visited": false,
          "has_treasure": false,
          "treasure_looted": false,
          "doors": {
            "north": false,
            "south": true,
            "east": false,
            "west": true
          }
        },
        {
          "enemies": [],
          "items": [],
          "is_cleared": false,
          "is_visible": true,
          "has_merchant": false,
          "merchant_visited": false,
          "has_treasure": false,
          "treasure_looted": false,
          "doors": {
            "north": false,
            "south": true,
            "east": true,
            "west": false
          }
        },
        {
          "enemies": [],
          "items": [],
          "is_cleared": false,
          "is_visible": true,
          "has_merchant": false,
          "merchant_visited": false,
          "has_treasure": false,
          "treasure_looted": false,
          "doors": {
            "north": false,
            "south": true,
            "east": true,
            "west": true
          }
        },
        {
          "enemies": [
            {
              "name": "Bandit",
              "tier": 1,
              "current_health": 12,
              "attack": 2,
              "defense": 1,
              "health": 12,
              "xp_value": 1,
              "min_copper": 10,
              "max_copper": 20,
              "common_drops": [
                "Lesser Health Potion"
              ],
              "rare_drops": [
                "Light Leather Armour"
              ]
            }
          ],
          "items": [],
          "is_cleared": false,
          "is_visible": true,
          "has_merchant": false,
          "merchant_visited": false,
          "has_treasure": false,
          "treasure_looted": false,
          "doors": {
            "north": false,
            "south": false,
            "east": true,
            "west": true
          }
        },
        {
          "enemies": [
            {
              "name": "Rat",
              "tier": 1,
              "current_health": 8,
              "attack": 1,
              "defense": 1,
              "health": 8,
              "xp_value": 1,
              "min_copper": 3,
              "max_copper": 10,
              "common_drops": [
                "Lesser Health Potion"
              ],
              "rare_drops": [
                "Short Sword"
              ]
            }
          ],
          "items": [],
          "is_cleared": false,
          "is_visible": true,
          "has_merchant": false,
          "merchant_visited": false,
          "has_treasure": false,
          "treasure_looted": false,
          "doors": {
            "north": false,
            "south": false,
            "east": false,
            "west": true
          }
        },
        {
          "enemies": [],
          "items": [],
          "is_cleared": false,
          "is_visible": true,
          "has_merchant": false,
          "merchant_visited": false,
          "has_treasure": false,
          "treasure_looted": false,
          "doors": {
            "north": false,
            "south": true,
            "east": true,
            "west": false
          }
        },
        {
          "enemies": [],
          "items": [],
          "is_cleared": false,
          "is_visible": true,
          "has_merchant": false,
          "merchant_visited": false,
          "has_treasure": false,
          "treasure_looted": false,
          "doors": {
            "north": false,
            "south": false,
            "east": true,
            "west": true
          }
        },
        {
          "enemies": [
            {
              "name": "Wolf",
              "tier": 1,
              "current_health": 9,
              "attack": 3,
              "defense": 1,
              "health": 9,
              "xp_value": 1,
              "min_copper": 5,
              "max_copper": 12,
              "common_drops": [
                "Lesser Health Potion"
              ],
              "rare_drops": [
                "Throwing Knives"
              ]
            }
          ],
          "items": [],
          "is_cleared": false,
          "is_visible": true,
          "has_merchant": false,
          "merchant_visited": false,
          "has_treasure": false,
          "treasure_looted": false,
          "doors": {
            "north": false,
            "south": true,
            "east": true,
            "west": true
          }
        },
        {
          "enemies": [],
          "items": [],
          "is_cleared": false,
          "is_visible": true,
          "has_merchant": false,
          "merchant_visited": false,
          "has_treasure": false,
          "treasure_looted": false,
          "doors": {
            "north": false,
            "south": false,
            "east": false,
            "west": true
          }
        }
      ],
      [
        {
          "enemies": [],
          "items": [],
          "is_cleared": false,
          "is_visible": true,
          "has_merchant": false,
          "merchant_visited": false,
          "has_treasure": false,
          "treasure_looted": false,
          "doors": {
            "north": false,
            "south": true,
            "east": false,
            "west": false
          }
        },
        {
          "enemies": [],
          "items": [],
          "is_cleared": false,
          "is_visible": true,
          "has_merchant": false,
          "merchant_visited": false,
          "has_treasure": false,
          "treasure_looted": false,
          "doors": {
            "north": true,
            "south": true,
            "east": false,
            "west": false
          }
        },
        {
          "enemies": [
            {
              "name": "Bandit",
              "tier": 1,
              "current_health": 12,
              "attack": 2,
              "defense": 1,
              "health": 12,
              "xp_value": 1,
              "min_copper": 10,
              "max_copper": 20,
              "common_drops": [
                "Lesser Health Potion"
              ],
              "rare_drops": [
                "Light Leather Armour"
              ]
            }
          ],
          "items": [],
          "is_cleared": false,
          "is_visible": true,
          "has_merchant": false,
          "merchant_visited": false,
          "has_treasure": false,
          "treasure_looted": false,
          "doors": {
            "north": true,
            "south": false,
            "east": false,
            "west": false
          }
        },
        {
          "enemies": [
            {
              "name": "Rat",
              "tier": 1,
              "current_health": 8,
              "attack": 1,
              "defense": 1,
              "health": 8,
              "xp_value": 1,
              "min_copper": 3,
              "max_copper": 10,
              "common_drops": [
                "Lesser Health Potion"
              ],
              "rare_drops": [
                "Short Sword"
              ]
            }
          ],
          "items": [],
          "is_cleared": false,
          "is_visible": true,
          "has_merchant": false,
          "merchant_visited": false,
          "has_treasure": false,
          "treasure_looted": false,
          "doors": {
            "north": true,
            "south": true,
            "east": true,
            "west": false
          }
        },
        {
          "enemies": [],
          "items": [],
          "is_cleared": false,
          "is_visible": true,
          "has_merchant": false,
          "merchant_visited": false,
          "has_treasure": false,
          "treasure_looted": false,
          "doors": {
            "north": false,
            "south": false,
            "east": true,
            "west": true
          }
        },
        {
          "enemies": [
            {
              "name": "Wolf",
              "tier": 1,
              "current_health": 9,
              "attack": 3,
              "defense": 1,
              "health": 9,
              "xp_value": 1,
              "min_copper": 5,
              "max_copper": 12,
              "common_drops": [
                "Lesser Health Potion"
              ],
              "rare_drops": [
                "Throwing Knives"
              ]
            }
          ],
          "items": [],
          "is_cleared": false,
          "is_visible": true,
          "has_merchant": false,
          "merchant_visited": false,
          "has_treasure": false,
          "treasure_looted": false,
          "doors": {
            "north": false,
            "south": false,
            "east": true,
            "west": true
          }
        },
        {
          "enemies": [],
          "items": [],
          "is_cleared": false,
          "is_visible": true,
          "has_merchant": false,
          "merchant_visited": false,
          "has_treasure": false,
          "treasure_looted": false,
          "doors": {
            "north": true,
            "south": false,
            "east": true,
            "west": true
          }
        },
        {
          "enemies": [],
          "items": [],
          "is_cleared": false,
          "is_visible": true,
          "has_merchant": false,
          "merchant_visited": false,
          "has_treasure": false,
          "treasure_looted": false,
          "doors": {
            "north": false,
            "south": false,
            "east": false,
            "west": true
          }
        },
        {
          "enemies": [
            {
              "name": "Goblin",
              "tier": 1,
              "current_health": 10,
              "attack": 2,
              "defense": 2,
              "health": 10,
              "xp_value": 1,
              "min_copper": 5,
              "max_copper": 15,
              "common_drops": [
                "Lesser Health Potion"
              ],
              "rare_drops": [
                "Dagger"
              ]
            }
          ],
          "items": [],
          "is_cleared": false,
          "is_visible": true,
          "has_merchant": false,
          "merchant_visited": false,
          "has_treasure": false,
          "treasure_looted": false,
          "doors": {
            "north": true,
            "south": false,
            "east": true,
            "west": false
          }
        },
        {
          "enemies": [
            {
              "name": "Rat",
              "tier": 1,
              "current_health": 8,
              "attack": 1,
              "defense": 1,
              "health": 8,
              "xp_value": 1,
              "min_copper": 3,
              "max_copper": 10,
              "common_drops": [
                "Lesser Health Potion"
              ],
              "rare_drops": [
                "Short Sword"
              ]
            }
          ],
          "items": [],
          "is_cleared": false,
          "is_visible": true,
          "has_merchant": false,
          "merchant_visited": false,
          "has_treasure": false,
          "treasure_looted": false,
          "doors": {
            "north": false,
            "south": true,
            "east": false,
            "west": true
          }
        }
      ],
      [
        {
          "enemies": [],
          "items": [],
          "is_cleared": false,
          "is_visible": true,
          "has_merchant": false,
          "merchant_visited": false,
          "has_treasure": false,
          "treasure_looted": false,
          "doors": {
            "north": true,
            "south": true,
            "east": false,
            "west": false
          }
        },
        {
          "enemies": [],
          "items": [],
          "is_cleared": true,
          "is_visible": true,
          "has_merchant": false,
          "merchant_visited": false,
          "has_treasure": false,
          "treasure_looted": false,
          "doors": {
            "north": true,
            "south": false,
            "east": true,
            "west": false
          }
        },
        {
          "enemies": [],
          "items": [],
          "is_cleared": false,
          "is_visible": true,
          "has_merchant": false,
          "merchant_visited": false,
          "has_treasure": false,
          "treasure_looted": false,
          "doors": {
            "north": false,
            "south": true,
            "east": false,
            "west": true
          }
        },
        {
          "enemies": [
            {
              "name": "Goblin",
              "tier": 1,
              "current_health": 10,
              "attack": 2,
              "defense": 2,
              "health": 10,
              "xp_value": 1,
              "min_copper": 5,
              "max_copper": 15,
              "common_drops": [
                "Lesser Health Potion"
              ],
              "rare_drops": [
                "Dagger"
              ]
            }
          ],
          "items": [],
          "is_cleared": false,
          "is_visible": true,
          "has_merchant": false,
          "merchant_visited": false,
          "has_treasure": false,
          "treasure_looted": false,
          "doors": {
            "north": true,
            "south": false,
            "east": true,
            "west": false
          }
        },
        {
          "enemies": [],
          "items": [],
          "is_cleared": false,
          "is_visible": true,
          "has_merchant": false,
          "merchant_visited": false,
          "has_treasure": false,
          "treasure_looted": false,
          "doors": {
            "north": false,
            "south": true,
            "east": true,
            "west": true
          }
        },
        {
          "enemies": [],
          "items": [],
          "is_cleared": false,
          "is_visible": true,
          "has_merchant": false,
          "merchant_visited": false,
          "has_treasure": true,
          "treasure_looted": false,
          "doors": {
            "north": false,
            "south": false,
            "east": false,
            "west": true
          }
        },
        {
          "enemies": [],
          "items": [],
          "is_cleared": false,
          "is_visible": true,
          "has_merchant": false,
          "merchant_visited": false,
          "has_treasure": false,
          "treasure_looted": false,
          "doors": {
            "north": false,
            "south": true,
            "east": true,
            "west": false
          }
        },
        {
          "enemies": [
            {
              "name": "Bandit",
              "tier": 1,
              "current_health": 12,
              "attack": 2,
              "defense": 1,
              "health": 12,
              "xp_value": 1,
              "min_copper": 10,
              "max_copper": 20,
              "common_drops": [
                "Lesser Health Potion"
              ],
              "rare_drops": [
                "Light Leather Armour"
              ]
            }
          ],
          "items": [],
          "is_cleared": false,
          "is_visible": true,
          "has_merchant": false,
          "merchant_visited": false,
          "has_treasure": false,
          "treasure_looted": false,
          "doors": {
            "north": false,
            "south": false,
            "east": true,
            "west": true
          }
        },
        {
          "enemies": [],
          "items": [],
          "is_cleared": false,
          "is_visible": true,
          "has_merchant": false,
          "merchant_visited": false,
          "has_treasure": false,
          "treasure_looted": false,
          "doors": {
            "north": false,
            "south": false,
            "east": true,
            "west": true
          }
        },
        {
          "enemies": [
            {
              "name": "Goblin",
              "tier": 1,
              "current_health": 10,
              "attack": 2,
              "defense": 2,
              "health": 10,
              "xp_value": 1,
              "min_copper": 5,
              "max_copper": 15,
              "common_drops": [
                "Lesser Health Potion"
              ],
              "rare_drops": [
                "Dagger"
              ]
            }
          ],
          "items": [],
          "is_cleared": false,
          "is_visible": true,
          "has_merchant": false,
          "merchant_visited": false,
          "has_treasure": false,
          "treasure_looted": false,
          "doors": {
            "north": true,
            "south": false,
            "east": false,
            "west": true
          }
        }
      ],
      [
        {
          "enemies": [],
          "items": [],
          "is_cleared": true,
          "is_visible": true,
          "has_merchant": false,
          "merchant_visited": false,
          "has_treasure": false,
          "treasure_looted": false,
          "doors": {
            "north": true,
            "south": true,
            "east": true,
            "west": false
          }
        },
        {
          "enemies": [],
          "items": [],
          "is_cleared": false,
          "is_visible": true,
          "has_merchant": false,
          "merchant_visited": false,
          "has_treasure": false,
          "treasure_looted": false,
          "doors": {
            "north": false,
            "south": true,
            "east": false,
            "west": true
          }
        },
        {
          "enemies": [],
          "items": [],
          "is_cleared": true,
          "is_visible": true,
          "has_merchant": false,
          "merchant_visited": false,
          "has_treasure": false,
          "treasure_looted": false,
          "doors": {
            "north": true,
            "south": false,
            "east": true,
            "west": false
          }
        },
        {
          "enemies": [],
          "items": [],
          "is_cleared": true,
          "is_visible": true,
          "has_merchant": false,
          "merchant_visited": false,
          "has_treasure": false,
          "treasure_looted": false,
          "doors": {
            "north": false,
            "south": true,
            "east": false,
            "west": true
          }
        },
        {
          "enemies": [],
          "items": [],
          "is_cleared": false,
          "is_visible": true,
          "has_merchant": false,
          "merchant_visited": false,
          "has_treasure": false,
          "treasure_looted": false,
          "doors": {
            "north": true,
            "south": false,
            "east": false,
            "west": false
          }
        },
        {
          "enemies": [],
          "items": [],
          "is_cleared": false,
          "is_visible": true,
          "has_merchant": false,
          "merchant_visited": false,
          "has_treasure": false,
          "treasure_looted": false,
          "doors": {
            "north": false,
            "south": true,
            "east": true,
            "west": false
          }
        },
        {
          "enemies": [
            {
              "name": "Wolf",
              "tier": 1,
              "current_health": 9,
              "attack": 3,
              "defense": 1,
              "health": 9,
              "xp_value": 1,
              "min_copper": 5,
              "max_copper": 12,
              "common_drops": [
                "Lesser Health Potion"
              ],
              "rare_drops": [
                "Throwing Knives"
              ]
            }
          ],
          "items": [],
          "is_cleared": false,
          "is_visible": true,
          "has_merchant": false,
          "merchant_visited": false,
          "has_treasure": false,
          "treasure_looted": false,
          "doors": {
            "north": true,
            "south": false,
            "east": false,
            "west": true
          }
        },
        {
          "enemies": [],
          "items": [],
          "is_cleared": false,
          "is_visible": true,
          "has_merchant": false,
          "merchant_visited": false,
          "has_treasure": false,
          "treasure_looted": false,
          "doors": {
            "north": false,
            "south": true,
            "east": true,
            "west": false
          }
        },
        {
          "enemies": [],
          "items": [],
          "is_cleared": true,
          "is_visible": true,
          "has_merchant": false,
          "merchant_visited": false,
          "has_treasure": false,
          "treasure_looted": false,
          "doors": {
            "north": false,
            "south": false,
            "east": true,
            "west": true
          }
        },
        {
          "enemies": [],
          "items": [],
          "is_cleared": false,
          "is_visible": true,
          "has_merchant": false,
          "merchant_visited": false,
          "has_treasure": false,
          "treasure_looted": false,
          "doors": {
            "north": false,
            "south": true,
            "east": false,
            "west": true
          }
        }
      ],
      [
        {
          "enemies": [],
          "items": [],
          "is_cleared": false,
          "is_visible": true,
          "has_merchant": false,
          "merchant_visited": false,
          "has_treasure": false,
          "treasure_looted": false,
          "doors": {
            "north": true,
            "south": true,
            "east": false,
            "west": false
          }
        },
        {
          "enemies": [],
          "items": [],
          "is_cleared": false,
          "is_visible": true,
          "has_merchant": false,
          "merchant_visited": false,
          "has_treasure": false,
          "treasure_looted": false,
          "doors": {
            "north": true,
            "south": false,
            "east": true,
            "west": false
          }
        },
        {
          "enemies": [],
          "items": [],
          "is_cleared": false,
          "is_visible": true,
          "has_merchant": false,
          "merchant_visited": false,
          "has_treasure": false,
          "treasure_looted": false,
          "doors": {
            "north": false,
            "south": true,
            "east": false,
            "west": true
          }
        },
        {
          "enemies": [],
          "items": [],
          "is_cleared": false,
          "is_visible": true,
          "has_merchant": true,
          "merchant_visited": true,
          "has_treasure": false,
          "treasure_looted": false,
          "doors": {
            "north": true,
            "south": false,
            "east": true,
            "west": false
          }
        },
        {
          "enemies": [],
          "items": [],
          "is_cleared": false,
          "is_visible": true,
          "has_merchant": false,
          "merchant_visited": false,
          "has_treasure": false,
          "treasure_looted": false,
          "doors": {
            "north": false,
            "south": true,
            "east": false,
            "west": true
          }
        },
        {
          "enemies": [],
          "items": [],
          "is_cleared": false,
          "is_visible": true,
          "has_merchant": false,
          "merchant_visited": false,
          "has_treasure": false,
          "treasure_looted": false,
          "doors": {
            "north": true,
            "south": false,
            "east": true,
            "west": false
          }
        },
        {
          "enemies": [],
          "items": [],
          "is_cleared": false,
          "is_visible": true,
          "has_merchant": false,
          "merchant_visited": false,
          "has_treasure": false,
          "treasure_looted": false,
          "doors": {
            "north": false,
            "south": true,
            "east": true,
            "west": true
          }
        },
        {
          "enemies": [],
          "items": [],
          "is_cleared": false,
          "is_visible": true,
          "has_merchant": false,
          "merchant_visited": false,
          "has_treasure": false,
          "treasure_looted": false,
          "doors": {
            "north": true,
            "south": false,
            "east": true,
            "west": true
          }
        },
        {
          "enemies": [],
          "items": [],
          "is_cleared": false,
          "is_visible": true,
          "has_merchant": false,
          "merchant_visited": false,
          "has_treasure": false,
          "treasure_looted": false,
          "doors": {
            "north": false,
            "south": false,
            "east": false,
            "west": true
          }
        },
        {
          "enemies": [],
          "items": [],
          "is_cleared": false,
          "is_visible": true,
          "has_merchant": false,
          "merchant_visited": false,
          "has_treasure": false,
          "treasure_looted": false,
          "doors": {
            "north": true,
            "south": true,
            "east": false,
            "west": false
          }
        }
      ],
      [
        {
          "enemies": [],
          "items": [],
          "is_cleared": true,
          "is_visible": true,
          "has_merchant": false,
          "merchant_visited": false,
          "has_treasure": false,
          "treasure_looted": false,
          "doors": {
            "north": true,
            "south": true,
            "east": false,
            "west": false
          }
        },
        {
          "enemies": [],
          "items": [],
          "is_cleared": false,
          "is_visible": true,
          "has_merchant": false,
          "merchant_visited": false,
          "has_treasure": false,
          "treasure_looted": false,
          "doors": {
            "north": false,
            "south": false,
            "east": true,
            "west": false
          }
        },
        {
          "enemies": [],
          "items": [],
          "is_cleared": false,
          "is_visible": true,
          "has_merchant": false,
          "merchant_visited": false,
          "has_treasure": false,
          "treasure_looted": false,
          "doors": {
            "north": true,
            "south": false,
            "east": true,
            "west": true
          }
        },
        {
          "enemies": [
            {
              "name": "Wolf",
              "tier": 1,
              "current_health": 9,
              "attack": 3,
              "defense": 1,
              "health": 9,
              "xp_value": 1,
              "min_copper": 5,
              "max_copper": 12,
              "common_drops": [
                "Lesser Health Potion"
              ],
              "rare_drops": [
                "Throwing Knives"
              ]
            }
          ],
          "items": [],
          "is_cleared": false,
          "is_visible": true,
          "has_merchant": false,
          "merchant_visited": false,
          "has_treasure": false,
          "treasure_looted": false,
          "doors": {
            "north": false,
            "south": false,
            "east": false,
            "west": true
          }
        },
        {
          "enemies": [],
          "items": [],
          "is_cleared": false,
          "is_visible": true,
          "has_merchant": false,
          "merchant_visited": false,
          "has_treasure": false,
          "treasure_looted": false,
          "doors": {
            "north": true,
            "south": false,
            "east": true,
            "west": false
          }
        },
        {
          "enemies": [],
          "items": [],
          "is_cleared": false,
          "is_visible": true,
          "has_merchant": false,
          "merchant_visited": false,
          "has_treasure": false,
          "treasure_looted": false,
          "doors": {
            "north": false,
            "south": true,
            "east": false,
            "west": true
          }
        },
        {
          "enemies": [],
          "items": [],
          "is_cleared": true,
          "is_visible": true,
          "has_merchant": false,
          "merchant_visited": false,
          "has_treasure": false,
          "treasure_looted": false,
          "doors": {
            "north": true,
            "south": true,
            "east": false,
            "west": false
          }
        },
        {
          "enemies": [],
          "items": [],
          "is_cleared": false,
          "is_visible": true,
          "has_merchant": false,
          "merchant_visited": false,
          "has_treasure": false,
          "treasure_looted": false,
          "doors": {
            "north": false,
            "south": true,
            "east": true,
            "west": false
          }
        },
        {
          "enemies": [],
          "items": [],
          "is_cleared": true,
          "is_visible": true,
          "has_merchant": false,
          "merchant_visited": false,
          "has_treasure": false,
          "treasure_looted": false,
          "doors": {
            "north": false,
            "south": false,
            "east": true,
            "west": true
          }
        },
        {
          "enemies": [],
          "items": [],
          "is_cleared": true,
          "is_visible": true,
          "has_merchant": false,
          "merchant_visited": false,
          "has_treasure": false,
          "treasure_looted": false,
          "doors": {
            "north": true,
            "south": true,
            "east": false,
            "west": true
          }
        }
      ],
      [
        {
          "enemies": [],
          "items": [],
          "is_cleared": false,
          "is_visible": true,
          "has_merchant": false,
          "merchant_visited": false,
          "has_treasure": false,
          "treasure_looted": false,
          "doors": {
            "north": true,
            "south": true,
            "east": false,
            "west": false
          }
        },
        {
          "enemies": [],
          "items": [],
          "is_cleared": false,
          "is_visible": true,
          "has_merchant": false,
          "merchant_visited": false,
          "has_treasure": false,
          "treasure_looted": false,
          "doors": {
            "north": false,
            "south": true,
            "east": true,
            "west": false
          }
        },
        {
          "enemies": [],
          "items": [],
          "is_cleared": true,
          "is_visible": true,
          "has_merchant": false,
          "merchant_visited": false,
          "has_treasure": false,
          "treasure_looted": false,
          "doors": {
            "north": false,
            "south": false,
            "east": true,
            "west": true
          }
        },
        {
          "enemies": [],
          "items": [],
          "is_cleared": false,
          "is_visible": true,
          "has_merchant": false,
          "merchant_visited": false,
          "has_treasure": false,
          "treasure_looted": false,
          "doors": {
            "north": false,
            "south": true,
            "east": true,
            "west": true
          }
        },
        {
          "enemies": [],
          "items": [],
          "is_cleared": false,
          "is_visible": true,
          "has_merchant": false,
          "merchant_visited": false,
          "has_treasure": false,
          "treasure_looted": false,
          "doors": {
            "north": false,
            "south": false,
            "east": false,
            "west": true
          }
        },
        {
          "enemies": [],
          "items": [],
          "is_cleared": true,
          "is_visible": true,
          "has_merchant": false,
          "merchant_visited": false,
          "has_treasure": false,
          "treasure_looted": false,
          "doors": {
            "north": true,
            "south": true,
            "east": false,
            "west": false
          }
        },
        {
          "enemies": [],
          "items": [],
          "is_cleared": true,
          "is_visible": true,
          "has_merchant": false,
          "merchant_visited": false,
          "has_treasure": false,
          "treasure_looted": false,
          "doors": {
            "north": true,
            "south": false,
            "east": false,
            "west": false
          }
        },
        {
          "enemies": [],
          "items": [],
          "is_cleared": true,
          "is_visible": true,
          "has_merchant": false,
          "merchant_visited": false,
          "has_treasure": false,
          "treasure_looted": false,
          "doors": {
            "north": true,
            "south": true,
            "east": false,
            "west": false
          }
        },
        {
          "enemies": [],
          "items": [],
          "is_cleared": true,
          "is_visible": true,
          "has_merchant": false,
          "merchant_visited": false,
          "has_treasure": false,
          "treasure_looted": false,
          "doors": {
            "north": false,
            "south": true,
            "east": true,
            "west": false
          }
        },
        {
          "enemies": [],
          "items": [],
          "is_cleared": true,
          "is_visible": true,
          "has_merchant": false,
          "merchant_visited": false,
          "has_treasure": false,
          "treasure_looted": false,
          "doors": {
            "north": true,
            "south": false,
            "east": false,
            "west": true
          }
        }
      ],
      [
        {
          "enemies": [],
          "items": [],
          "is_cleared": false,
          "is_visible": true,
          "has_merchant": false,
          "merchant_visited": false,
          "has_treasure": false,
          "treasure_looted": false,
          "doors": {
            "north": true,
            "south": true,
            "east": false,
            "west": false
          }
        },
        {
          "enemies": [],
          "items": [],
          "is_cleared": true,
          "is_visible": true,
          "has_merchant": false,
          "merchant_visited": false,
          "has_treasure": false,
          "treasure_looted": false,
          "doors": {
            "north": true,
            "south": true,
            "east": false,
            "west": false
          }
        },
        {
          "enemies": [],
          "items": [],
          "is_cleared": false,
          "is_visible": true,
          "has_merchant": false,
          "merchant_visited": false,
          "has_treasure": false,
          "treasure_looted": false,
          "doors": {
            "north": false,
            "south": true,
            "east": false,
            "west": false
          }
        },
        {
          "enemies": [],
          "items": [],
          "is_cleared": false,
          "is_visible": true,
          "has_merchant": false,
          "merchant_visited": false,
          "has_treasure": false,
          "treasure_looted": false,
          "doors": {
            "north": true,
            "south": true,
            "east": false,
            "west": false
          }
        },
        {
          "enemies": [],
          "items": [],
          "is_cleared": true,
          "is_visible": true,
          "has_merchant": false,
          "merchant_visited": false,
          "has_treasure": false,
          "treasure_looted": false,
          "doors": {
            "north": false,
            "south": true,
            "east": true,
            "west": false
          }
        },
        {
          "enemies": [],
          "items": [],
          "is_cleared": false,
          "is_visible": true,
          "has_merchant": false,
          "merchant_visited": false,
          "has_treasure": false,
          "treasure_looted": false,
          "doors": {
            "north": true,
            "south": false,
            "east": false,
            "west": true
          }
        },
        {
          "enemies": [],
          "items": [],
          "is_cleared": false,
          "is_visible": true,
          "has_merchant": false,
          "merchant_visited": false,
          "has_treasure": false,
          "treasure_looted": false,
          "doors": {
            "north": false,
            "south": true,
            "east": true,
            "west": false
          }
        },
        {
          "enemies": [],
          "items": [],
          "is_cleared": false,
          "is_visible": true,
          "has_merchant": false,
          "merchant_visited": false,
          "has_treasure": false,
          "treasure_looted": false,
          "doors": {
            "north": true,
            "south": false,
            "east": false,
            "west": true
          }
        },
        {
          "enemies": [],
          "items": [],
          "is_cleared": false,
          "is_visible": true,
          "has_merchant": false,
          "merchant_visited": false,
          "has_treasure": false,
          "treasure_looted": false,
          "doors": {
            "north": true,
            "south": true,
            "east": false,
            "west": false
          }
        },
        {
          "enemies": [],
          "items": [],
          "is_cleared": false,
          "is_visible": true,
          "has_merchant": false,
          "merchant_visited": false,
          "has_treasure": false,
          "treasure_looted": false,
          "doors": {
            "north": false,
            "south": true,
            "east": false,
            "west": false
          }
        }
      ],
      [
        {
          "enemies": [],
          "items": [],
          "is_cleared": false,
          "is_visible": true,
          "has_merchant": false,
          "merchant_visited": false,
          "has_treasure": false,
          "treasure_looted": false,
          "doors": {
            "north": true,
            "south": true,
            "east": true,
            "west": false
          }
        },
        {
          "enemies": [],
          "items": [],
          "is_cleared": false,
          "is_visible": true,
          "has_merchant": false,
          "merchant_visited": false,
          "has_treasure": false,
          "treasure_looted": false,
          "doors": {
            "north": true,
            "south": false,
            "east": false,
            "west": true
          }
        },
        {
          "enemies": [],
          "items": [],
          "is_cleared": false,
          "is_visible": true,
          "has_merchant": false,
          "merchant_visited": false,
          "has_treasure": false,
          "treasure_looted": false,
          "doors": {
            "north": true,
            "south": true,
            "east": false,
            "west": false
          }
        },
        {
          "enemies": [],
          "items": [],
          "is_cleared": false,
          "is_visible": true,
          "has_merchant": false,
          "merchant_visited": false,
          "has_treasure": false,
          "treasure_looted": false,
          "doors": {
            "north": true,
            "south": false,
            "east": true,
            "west": false
          }
        },
        {
          "enemies": [],
          "items": [],
          "is_cleared": false,
          "is_visible": true,
          "has_merchant": false,
          "merchant_visited": false,
          "has_treasure": false,
          "treasure_looted": false,
          "doors": {
            "north": true,
            "south": false,
            "east": false,
            "west": true
          }
        },
        {
          "enemies": [],
          "items": [],
          "is_cleared": true,
          "is_visible": true,
          "has_merchant": false,
          "merchant_visited": false,
          "has_treasure": false,
          "treasure_looted": false,
          "doors": {
            "north": false,
            "south": true,
            "east": true,
            "west": false
          }
        },
        {
          "enemies": [],
          "items": [],
          "is_cleared": false,
          "is_visible": true,
          "has_merchant": false,
          "merchant_visited": false,
          "has_treasure": false,
          "treasure_looted": false,
          "doors": {
            "north": true,
            "south": false,
            "east": false,
            "west": true
          }
        },
        {
          "enemies": [],
          "items": [],
          "is_cleared": false,
          "is_visible": true,
          "has_merchant": false,
          "merchant_visited": false,
          "has_treasure": false,
          "treasure_looted": false,
          "doors": {
            "north": false,
            "south": true,
            "east": false,
            "west": false
          }
        },
        {
          "enemies": [],
          "items": [],
          "is_cleared": false,
          "is_visible": true,
          "has_merchant": false,
          "merchant_visited": false,
          "has_treasure": false,
          "treasure_looted": false,
          "doors": {
            "north": true,
            "south": false,
            "east": true,
            "west": false
          }
        },
        {
          "enemies": [],
          "items": [],
          "is_cleared": false,
          "is_visible": true,
          "has_merchant": false,
          "merchant_visited": false,
          "has_treasure": false,
          "treasure_looted": false,
          "doors": {
            "north": true,
            "south": true,
            "east": false,
            "west": true
          }
        }
      ],
      [
        {
          "enemies": [],
          "items": [],
          "is_cleared": false,
          "is_visible": true,
          "has_merchant": false,
          "merchant_visited": false,
          "has_treasure": false,
          "treasure_looted": false,
          "doors": {
            "north": true,
            "south": false,
            "east": true,
            "west": false
          }
        },
        {
          "enemies": [],
          "items": [],
          "is_cleared": false,
          "is_visible": true,
          "has_merchant": false,
          "merchant_visited": false,
          "has_treasure": false,
          "treasure_looted": false,
          "doors": {
            "north": false,
            "south": false,
            "east": true,
            "west": true
          }
        },
        {
          "enemies": [],
          "items": [],
          "is_cleared": true,
          "is_visible": true,
          "has_merchant": false,
          "merchant_visited": false,
          "has_treasure": false,
          "treasure_looted": false,
          "doors": {
            "north": true,
            "south": false,
            "east": true,
            "west": true
          }
        },
        {
          "enemies": [],
          "items": [],
          "is_cleared": false,
          "is_visible": true,
          "has_merchant": false,
          "merchant_visited": false,
          "has_treasure": false,
          "treasure_looted": false,
          "doors": {
            "north": false,
            "south": false,
            "east": true,
            "west": true
          }
        },
        {
          "enemies": [],
          "items": [],
          "is_cleared": true,
          "is_visible": true,
          "has_merchant": false,
          "merchant_visited": false,
          "has_treasure": false,
          "treasure_looted": false,
          "doors": {
            "north": false,
            "south": false,
            "east": true,
            "west": true
          }
        },
        {
          "enemies": [],
          "items": [],
          "is_cleared": false,
          "is_visible": true,
          "has_merchant": false,
          "merchant_visited": false,
          "has_treasure": false,
          "treasure_looted": false,
          "doors": {
            "north": true,
            "south": false,
            "east": false,
            "west": true
          }
        },
        {
          "enemies": [],
          "items": [],
          "is_cleared": true,
          "is_visible": true,
          "has_merchant": false,
          "merchant_visited": false,
          "has_treasure": false,
          "treasure_looted": false,
          "doors": {
            "north": false,
            "south": false,
            "east": true,
            "west": false
          }
        },
        {
          "enemies": [],
          "items": [],
          "is_cleared": true,
          "is_visible": true,
          "has_merchant": false,
          "merchant_visited": false,
          "has_treasure": false,
          "treasure_looted": false,
          "doors": {
            "north": true,
            "south": false,
            "east": true,
            "west": true
          }
        },
        {
          "enemies": [],
          "items": [],
          "is_cleared": true,
          "is_visible": true,
          "has_merchant": false,
          "merchant_visited": false,
          "has_treasure": false,
          "treasure_looted": false,
          "doors": {
            "north": false,
            "south": false,
            "east": true,
            "west": true
          }
        },
        {
          "enemies": [],
          "items": [],
          "is_cleared": false,
          "is_visible": true,
          "has_merchant": false,
          "merchant_visited": false,
          "has_treasure": false,
          "treasure_looted": false,
          "doors": {
            "north": true,
            "south": false,
            "east": false,
            "west": true
          }
        }
      ]
    ]
  }
}